,Date,Open,Close
0,2016-01-04,743.0,741.8400268554688
1,2016-01-05,746.4500122070312,742.5800170898438
2,2016-01-06,730.0,743.6199951171875
3,2016-01-07,730.3099975585938,726.3900146484375
4,2016-01-08,731.4500122070312,714.469970703125
5,2016-01-11,716.6099853515625,716.030029296875
6,2016-01-12,721.6799926757812,726.0700073242188
7,2016-01-13,730.8499755859375,700.5599975585938
8,2016-01-14,705.3800048828125,714.719970703125
9,2016-01-15,692.2899780273438,694.4500122070312
10,2016-01-19,703.2999877929688,701.7899780273438
11,2016-01-20,688.6099853515625,698.4500122070312
12,2016-01-21,702.1799926757812,706.5900268554688
13,2016-01-22,723.5999755859375,725.25
14,2016-01-25,723.5800170898438,711.6699829101562
15,2016-01-26,713.8499755859375,713.0399780273438
16,2016-01-27,713.6699829101562,699.989990234375
17,2016-01-28,722.219970703125,730.9600219726562
18,2016-01-29,731.530029296875,742.9500122070312
19,2016-02-01,750.4600219726562,752.0
20,2016-02-02,784.5,764.6500244140625
21,2016-02-03,770.219970703125,726.9500122070312
22,2016-02-04,722.8099975585938,708.010009765625
23,2016-02-05,703.8699951171875,683.5700073242188
24,2016-02-08,667.8499755859375,682.739990234375
25,2016-02-09,672.3200073242188,678.1099853515625
26,2016-02-10,686.8599853515625,684.1199951171875
27,2016-02-11,675.0,683.1099853515625
28,2016-02-12,690.260009765625,682.4000244140625
29,2016-02-16,692.97998046875,691.0
30,2016-02-17,698.0900268554688,708.4000244140625
31,2016-02-18,710.0,697.3499755859375
32,2016-02-19,695.030029296875,700.9099731445312
33,2016-02-22,707.4500122070312,706.4600219726562
34,2016-02-23,701.4500122070312,695.8499755859375
35,2016-02-24,688.9199829101562,699.5599975585938
36,2016-02-25,700.010009765625,705.75
37,2016-02-26,708.5800170898438,705.0700073242188
38,2016-02-29,700.3200073242188,697.77001953125
39,2016-03-01,703.6199951171875,718.8099975585938
40,2016-03-02,719.0,718.8499755859375
41,2016-03-03,718.6799926757812,712.4199829101562
42,2016-03-04,714.989990234375,710.8900146484375
43,2016-03-07,706.9000244140625,695.1599731445312
44,2016-03-08,688.5900268554688,693.969970703125
45,2016-03-09,698.469970703125,705.239990234375
46,2016-03-10,708.1199951171875,712.8200073242188
47,2016-03-11,720.0,726.8200073242188
48,2016-03-14,726.8099975585938,730.489990234375
49,2016-03-15,726.9199829101562,728.3300170898438
50,2016-03-16,726.3699951171875,736.0900268554688
51,2016-03-17,736.4500122070312,737.780029296875
52,2016-03-18,741.8599853515625,737.5999755859375
53,2016-03-21,736.5,742.0900268554688
54,2016-03-22,737.4600219726562,740.75
55,2016-03-23,742.3599853515625,738.0599975585938
56,2016-03-24,732.010009765625,735.2999877929688
57,2016-03-28,736.7899780273438,733.530029296875
58,2016-03-29,734.5900268554688,744.77001953125
59,2016-03-30,750.0999755859375,750.530029296875
60,2016-03-31,749.25,744.9500122070312
61,2016-04-01,738.5999755859375,749.9099731445312
62,2016-04-04,750.0599975585938,745.2899780273438
63,2016-04-05,738.0,737.7999877929688
64,2016-04-06,735.77001953125,745.6900024414062
65,2016-04-07,745.3699951171875,740.280029296875
66,2016-04-08,743.969970703125,739.1500244140625
67,2016-04-11,743.02001953125,736.0999755859375
68,2016-04-12,738.0,743.0900268554688
69,2016-04-13,749.1599731445312,751.719970703125
70,2016-04-14,754.010009765625,753.2000122070312
71,2016-04-15,753.97998046875,759.0
72,2016-04-18,760.4600219726562,766.6099853515625
73,2016-04-19,769.510009765625,753.9299926757812
74,2016-04-20,758.0,752.6699829101562
75,2016-04-21,755.3800048828125,759.1400146484375
76,2016-04-22,726.2999877929688,718.77001953125
77,2016-04-25,716.0999755859375,723.1500244140625
78,2016-04-26,725.4199829101562,708.1400146484375
79,2016-04-27,707.2899780273438,705.8400268554688
80,2016-04-28,708.260009765625,691.02001953125
81,2016-04-29,690.7000122070312,693.010009765625
82,2016-05-02,697.6300048828125,698.2100219726562
83,2016-05-03,696.8699951171875,692.3599853515625
84,2016-05-04,690.489990234375,695.7000122070312
85,2016-05-05,697.7000122070312,701.4299926757812
86,2016-05-06,698.3800048828125,711.1199951171875
87,2016-05-09,712.0,712.9000244140625
88,2016-05-10,716.75,723.1799926757812
89,2016-05-11,723.4099731445312,715.2899780273438
90,2016-05-12,717.0599975585938,713.3099975585938
91,2016-05-13,711.9299926757812,710.8300170898438
92,2016-05-16,709.1300048828125,716.489990234375
93,2016-05-17,715.989990234375,706.22998046875
94,2016-05-18,703.6699829101562,706.6300048828125
95,2016-05-19,702.3599853515625,700.3200073242188
96,2016-05-20,701.6199951171875,709.739990234375
97,2016-05-23,706.530029296875,704.239990234375
98,2016-05-24,706.8599853515625,720.0900268554688
99,2016-05-25,720.760009765625,725.27001953125
100,2016-05-26,722.8699951171875,724.1199951171875
101,2016-05-27,724.010009765625,732.6599731445312
102,2016-05-31,731.739990234375,735.719970703125
103,2016-06-01,734.530029296875,734.1500244140625
104,2016-06-02,732.5,730.4000244140625
105,2016-06-03,729.27001953125,722.3400268554688
106,2016-06-06,724.9099731445312,716.5499877929688
107,2016-06-07,719.8400268554688,716.6500244140625
108,2016-06-08,723.9600219726562,728.280029296875
109,2016-06-09,722.8699951171875,728.5800170898438
110,2016-06-10,719.469970703125,719.4099731445312
111,2016-06-13,716.510009765625,718.3599853515625
112,2016-06-14,716.47998046875,718.27001953125
113,2016-06-15,719.0,718.9199829101562
114,2016-06-16,714.9099731445312,710.3599853515625
115,2016-06-17,708.6500244140625,691.719970703125
116,2016-06-20,698.77001953125,693.7100219726562
117,2016-06-21,698.4000244140625,695.9400024414062
118,2016-06-22,699.0599975585938,697.4600219726562
119,2016-06-23,697.4500122070312,701.8699951171875
120,2016-06-24,675.1699829101562,675.219970703125
121,2016-06-27,671.0,668.260009765625
122,2016-06-28,678.969970703125,680.0399780273438
123,2016-06-29,683.0,684.1099853515625
124,2016-06-30,685.469970703125,692.0999755859375
125,2016-07-01,692.2000122070312,699.2100219726562
126,2016-07-05,696.0599975585938,694.9500122070312
127,2016-07-06,689.97998046875,697.77001953125
128,2016-07-07,698.0800170898438,695.3599853515625
129,2016-07-08,699.5,705.6300048828125
130,2016-07-11,708.0499877929688,715.0900268554688
131,2016-07-12,719.1199951171875,720.6400146484375
132,2016-07-13,723.6199951171875,716.97998046875
133,2016-07-14,721.5800170898438,720.9500122070312
134,2016-07-15,725.72998046875,719.8499755859375
135,2016-07-18,722.7100219726562,733.780029296875
136,2016-07-19,729.8900146484375,736.9600219726562
137,2016-07-20,737.3300170898438,741.1900024414062
138,2016-07-21,740.3599853515625,738.6300048828125
139,2016-07-22,741.8599853515625,742.739990234375
140,2016-07-25,740.6699829101562,739.77001953125
141,2016-07-26,739.0399780273438,738.4199829101562
142,2016-07-27,738.280029296875,741.77001953125
143,2016-07-28,747.0399780273438,745.9099731445312
144,2016-07-29,772.7100219726562,768.7899780273438
145,2016-08-01,761.0900268554688,772.8800048828125
146,2016-08-02,768.6900024414062,771.0700073242188
147,2016-08-03,767.1799926757812,773.1799926757812
148,2016-08-04,772.219970703125,771.6099853515625
149,2016-08-05,773.780029296875,782.219970703125
150,2016-08-08,782.0,781.760009765625
151,2016-08-09,781.0999755859375,784.260009765625
152,2016-08-10,783.75,784.6799926757812
153,2016-08-11,785.0,784.8499755859375
154,2016-08-12,781.5,783.219970703125
155,2016-08-15,783.75,782.4400024414062
156,2016-08-16,780.2999877929688,777.1400146484375
157,2016-08-17,777.3200073242188,779.9099731445312
158,2016-08-18,780.010009765625,777.5
159,2016-08-19,775.0,775.4199829101562
160,2016-08-22,773.27001953125,772.1500244140625
161,2016-08-23,775.47998046875,772.0800170898438
162,2016-08-24,770.5800170898438,769.6400146484375
163,2016-08-25,767.0,769.4099731445312
164,2016-08-26,769.0,769.5399780273438
165,2016-08-29,768.739990234375,772.1500244140625
166,2016-08-30,769.3300170898438,769.0900268554688
167,2016-08-31,767.010009765625,767.0499877929688
168,2016-09-01,769.25,768.780029296875
169,2016-09-02,773.010009765625,771.4600219726562
170,2016-09-06,773.4500122070312,780.0800170898438
171,2016-09-07,780.0,780.3499755859375
172,2016-09-08,778.5900268554688,775.3200073242188
173,2016-09-09,770.0999755859375,759.6599731445312
174,2016-09-12,755.1300048828125,769.02001953125
175,2016-09-13,764.47998046875,759.6900024414062
176,2016-09-14,759.6099853515625,762.489990234375
177,2016-09-15,762.8900146484375,771.760009765625
178,2016-09-16,769.75,768.8800048828125
179,2016-09-19,772.4199829101562,765.7000122070312
180,2016-09-20,769.0,771.4099731445312
181,2016-09-21,772.6599731445312,776.219970703125
182,2016-09-22,780.0,787.2100219726562
183,2016-09-23,786.5900268554688,786.9000244140625
184,2016-09-26,782.739990234375,774.2100219726562
185,2016-09-27,775.5,783.010009765625
186,2016-09-28,777.8499755859375,781.5599975585938
187,2016-09-29,781.4400024414062,775.010009765625
188,2016-09-30,776.3300170898438,777.2899780273438
189,2016-10-03,774.25,772.5599975585938
190,2016-10-04,776.030029296875,776.4299926757812
191,2016-10-05,779.3099975585938,776.469970703125
192,2016-10-06,779.0,776.8599853515625
193,2016-10-07,779.6599731445312,775.0800170898438
194,2016-10-10,777.7100219726562,785.9400024414062
195,2016-10-11,786.6599731445312,783.0700073242188
196,2016-10-12,783.760009765625,786.1400146484375
197,2016-10-13,781.219970703125,778.1900024414062
198,2016-10-14,781.6500244140625,778.530029296875
199,2016-10-17,779.7999877929688,779.9600219726562
200,2016-10-18,787.8499755859375,795.260009765625
201,2016-10-19,798.239990234375,801.5
202,2016-10-20,803.2999877929688,796.969970703125
203,2016-10-21,795.0,799.3699951171875
204,2016-10-24,804.9000244140625,813.1099853515625
205,2016-10-25,816.6799926757812,807.6699829101562
206,2016-10-26,806.3400268554688,799.0700073242188
207,2016-10-27,801.0,795.3499755859375
208,2016-10-28,808.3499755859375,795.3699951171875
209,2016-10-31,795.469970703125,784.5399780273438
210,2016-11-01,782.8900146484375,783.6099853515625
211,2016-11-02,778.2000122070312,768.7000122070312
212,2016-11-03,767.25,762.1300048828125
213,2016-11-04,750.6599731445312,762.02001953125
214,2016-11-07,774.5,782.52001953125
215,2016-11-08,783.4000244140625,790.510009765625
216,2016-11-09,779.9400024414062,785.3099975585938
217,2016-11-10,791.1699829101562,762.5599975585938
218,2016-11-11,756.5399780273438,754.02001953125
219,2016-11-14,755.5999755859375,736.0800170898438
220,2016-11-15,746.969970703125,758.489990234375
221,2016-11-16,755.2000122070312,764.47998046875
222,2016-11-17,766.9199829101562,771.22998046875
223,2016-11-18,771.3699951171875,760.5399780273438
224,2016-11-21,762.6099853515625,769.2000122070312
225,2016-11-22,772.6300048828125,768.27001953125
226,2016-11-23,767.72998046875,760.989990234375
227,2016-11-25,764.260009765625,761.6799926757812
228,2016-11-28,760.0,768.239990234375
229,2016-11-29,771.530029296875,770.8400268554688
230,2016-11-30,770.0700073242188,758.0399780273438
231,2016-12-01,757.4400024414062,747.9199829101562
232,2016-12-02,744.5900268554688,750.5
233,2016-12-05,757.7100219726562,762.52001953125
234,2016-12-06,764.72998046875,759.1099853515625
235,2016-12-07,761.0,771.1900024414062
236,2016-12-08,772.47998046875,776.4199829101562
237,2016-12-09,780.0,789.2899780273438
238,2016-12-12,785.0399780273438,789.27001953125
239,2016-12-13,793.9000244140625,796.0999755859375
240,2016-12-14,797.4000244140625,797.0700073242188
241,2016-12-15,797.3400268554688,797.8499755859375
242,2016-12-16,800.4000244140625,790.7999877929688
243,2016-12-19,790.219970703125,794.2000122070312
244,2016-12-20,796.760009765625,796.4199829101562
245,2016-12-21,795.8400268554688,794.5599975585938
246,2016-12-22,792.3599853515625,791.260009765625
247,2016-12-23,790.9000244140625,789.9099731445312
248,2016-12-27,790.6799926757812,791.5499877929688
249,2016-12-28,793.7000122070312,785.0499877929688
250,2016-12-29,783.3300170898438,782.7899780273438
251,2016-12-30,782.75,771.8200073242188
252,2017-01-03,778.8099975585938,786.1400146484375
253,2017-01-04,788.3599853515625,786.9000244140625
254,2017-01-05,786.0800170898438,794.02001953125
255,2017-01-06,795.260009765625,806.1500244140625
256,2017-01-09,806.4000244140625,806.6500244140625
257,2017-01-10,807.8599853515625,804.7899780273438
258,2017-01-11,805.0,807.9099731445312
259,2017-01-12,807.1400146484375,806.3599853515625
260,2017-01-13,807.47998046875,807.8800048828125
261,2017-01-17,807.0800170898438,804.6099853515625
262,2017-01-18,805.8099975585938,806.0700073242188
263,2017-01-19,805.1199951171875,802.1749877929688
264,2017-01-20,806.9099731445312,805.02001953125
265,2017-01-23,807.25,819.3099975585938
266,2017-01-24,822.2999877929688,823.8699951171875
267,2017-01-25,829.6199951171875,835.6699829101562
268,2017-01-26,837.8099975585938,832.1500244140625
269,2017-01-27,834.7100219726562,823.3099975585938
270,2017-01-30,814.6599731445312,802.3200073242188
271,2017-01-31,796.8599853515625,796.7899780273438
272,2017-02-01,799.6799926757812,795.6950073242188
273,2017-02-02,793.7999877929688,798.530029296875
274,2017-02-03,802.989990234375,801.489990234375
275,2017-02-06,799.7000122070312,801.3400268554688
276,2017-02-07,803.989990234375,806.969970703125
277,2017-02-08,807.0,808.3800048828125
278,2017-02-09,809.510009765625,809.5599975585938
279,2017-02-10,811.7000122070312,813.6699829101562
280,2017-02-13,816.0,819.239990234375
281,2017-02-14,819.0,820.4500122070312
282,2017-02-15,819.3599853515625,818.97998046875
283,2017-02-16,819.9299926757812,824.1599731445312
284,2017-02-17,823.02001953125,828.0700073242188
285,2017-02-21,828.6599731445312,831.6599731445312
286,2017-02-22,828.6599731445312,830.760009765625
287,2017-02-23,830.1199951171875,831.3300170898438
288,2017-02-24,827.72998046875,828.6400146484375
289,2017-02-27,824.5499877929688,829.280029296875
290,2017-02-28,825.6099853515625,823.2100219726562
291,2017-03-01,828.8499755859375,835.239990234375
292,2017-03-02,833.8499755859375,830.6300048828125
293,2017-03-03,830.5599975585938,829.0800170898438
294,2017-03-06,826.9500122070312,827.780029296875
295,2017-03-07,827.4000244140625,831.9099731445312
296,2017-03-08,833.510009765625,835.3699951171875
297,2017-03-09,836.0,838.6799926757812
298,2017-03-10,843.280029296875,843.25
299,2017-03-13,844.0,845.5399780273438
300,2017-03-14,843.6400146484375,845.6199951171875
301,2017-03-15,847.5900268554688,847.2000122070312
302,2017-03-16,849.030029296875,848.780029296875
303,2017-03-17,851.6099853515625,852.1199951171875
304,2017-03-20,850.010009765625,848.4000244140625
305,2017-03-21,851.4000244140625,830.4600219726562
306,2017-03-22,831.9099731445312,829.5900268554688
307,2017-03-23,821.0,817.5800170898438
308,2017-03-24,820.0800170898438,814.4299926757812
309,2017-03-27,806.9500122070312,819.510009765625
310,2017-03-28,820.4099731445312,820.9199829101562
311,2017-03-29,825.0,831.4099731445312
312,2017-03-30,833.5,831.5
313,2017-03-31,828.969970703125,829.5599975585938
314,2017-04-03,829.219970703125,838.5499877929688
315,2017-04-04,831.3599853515625,834.5700073242188
316,2017-04-05,835.510009765625,831.4099731445312
317,2017-04-06,832.4000244140625,827.8800048828125
318,2017-04-07,827.9600219726562,824.6699829101562
319,2017-04-10,825.3900146484375,824.72998046875
320,2017-04-11,824.7100219726562,823.3499755859375
321,2017-04-12,821.9299926757812,824.3200073242188
322,2017-04-13,822.1400146484375,823.5599975585938
323,2017-04-17,825.010009765625,837.1699829101562
324,2017-04-18,834.219970703125,836.8200073242188
325,2017-04-19,839.7899780273438,838.2100219726562
326,2017-04-20,841.4400024414062,841.6500244140625
327,2017-04-21,842.8800048828125,843.1900024414062
328,2017-04-24,851.2000122070312,862.760009765625
329,2017-04-25,865.0,872.2999877929688
330,2017-04-26,874.22998046875,871.72998046875
331,2017-04-27,873.5999755859375,874.25
332,2017-04-28,910.6599731445312,905.9600219726562
333,2017-05-01,901.9400024414062,912.5700073242188
334,2017-05-02,909.6199951171875,916.4400024414062
335,2017-05-03,914.8599853515625,927.0399780273438
336,2017-05-04,926.0700073242188,931.6599731445312
337,2017-05-05,933.5399780273438,927.1300048828125
338,2017-05-08,926.1199951171875,934.2999877929688
339,2017-05-09,936.9500122070312,932.1699829101562
340,2017-05-10,931.97998046875,928.780029296875
341,2017-05-11,925.3200073242188,930.5999755859375
342,2017-05-12,931.530029296875,932.219970703125
343,2017-05-15,932.9500122070312,937.0800170898438
344,2017-05-16,940.0,943.0
345,2017-05-17,935.6699829101562,919.6199951171875
346,2017-05-18,921.0,930.239990234375
347,2017-05-19,931.469970703125,934.010009765625
348,2017-05-22,935.0,941.8599853515625
349,2017-05-23,947.9199829101562,948.8200073242188
350,2017-05-24,952.97998046875,954.9600219726562
351,2017-05-25,957.3300170898438,969.5399780273438
352,2017-05-26,969.7000122070312,971.469970703125
353,2017-05-30,970.3099975585938,975.8800048828125
354,2017-05-31,975.02001953125,964.8599853515625
355,2017-06-01,968.9500122070312,966.9500122070312
356,2017-06-02,969.4600219726562,975.5999755859375
357,2017-06-05,976.5499877929688,983.6799926757812
358,2017-06-06,983.1599731445312,976.5700073242188
359,2017-06-07,980.0,980.9400024414062
360,2017-06-08,982.3499755859375,983.4099731445312
361,2017-06-09,984.5,949.8300170898438
362,2017-06-12,939.5599975585938,942.9000244140625
363,2017-06-13,951.9099731445312,953.4000244140625
364,2017-06-14,959.9199829101562,950.760009765625
365,2017-06-15,933.969970703125,942.3099975585938
366,2017-06-16,940.0,939.780029296875
367,2017-06-19,949.9600219726562,957.3699951171875
368,2017-06-20,957.52001953125,950.6300048828125
369,2017-06-21,953.6400146484375,959.4500122070312
370,2017-06-22,958.7000122070312,957.0900268554688
371,2017-06-23,956.8300170898438,965.5900268554688
372,2017-06-26,969.9000244140625,952.27001953125
373,2017-06-27,942.4600219726562,927.3300170898438
374,2017-06-28,929.0,940.489990234375
375,2017-06-29,929.9199829101562,917.7899780273438
376,2017-06-30,926.0499877929688,908.72998046875
377,2017-07-03,912.1799926757812,898.7000122070312
378,2017-07-05,901.760009765625,911.7100219726562
379,2017-07-06,904.1199951171875,906.6900024414062
380,2017-07-07,908.8499755859375,918.5900268554688
381,2017-07-10,921.77001953125,928.7999877929688
382,2017-07-11,929.5399780273438,930.0900268554688
383,2017-07-12,938.6799926757812,943.8300170898438
384,2017-07-13,946.2899780273438,947.1599731445312
385,2017-07-14,952.0,955.989990234375
386,2017-07-17,957.0,953.4199829101562
387,2017-07-18,953.0,965.4000244140625
388,2017-07-19,967.8400268554688,970.8900146484375
389,2017-07-20,975.0,968.1500244140625
390,2017-07-21,962.25,972.9199829101562
391,2017-07-24,972.219970703125,980.3400268554688
392,2017-07-25,953.8099975585938,950.7000122070312
393,2017-07-26,954.6799926757812,947.7999877929688
394,2017-07-27,951.780029296875,934.0900268554688
395,2017-07-28,929.4000244140625,941.530029296875
396,2017-07-31,941.8900146484375,930.5
397,2017-08-01,932.3800048828125,930.8300170898438
398,2017-08-02,928.6099853515625,930.3900146484375
399,2017-08-03,930.3400268554688,923.6500244140625
400,2017-08-04,926.75,927.9600219726562
401,2017-08-07,929.0599975585938,929.3599853515625
402,2017-08-08,927.0900268554688,926.7899780273438
403,2017-08-09,920.6099853515625,922.9000244140625
404,2017-08-10,917.5499877929688,907.239990234375
405,2017-08-11,907.969970703125,914.3900146484375
406,2017-08-14,922.530029296875,922.6699829101562
407,2017-08-15,924.22998046875,922.219970703125
408,2017-08-16,925.2899780273438,926.9600219726562
409,2017-08-17,925.780029296875,910.97998046875
410,2017-08-18,910.3099975585938,910.6699829101562
411,2017-08-21,910.0,906.6599731445312
412,2017-08-22,912.719970703125,924.6900024414062
413,2017-08-23,921.9299926757812,927.0
414,2017-08-24,928.6599731445312,921.280029296875
415,2017-08-25,923.489990234375,915.8900146484375
416,2017-08-28,916.0,913.8099975585938
417,2017-08-29,905.0999755859375,921.2899780273438
418,2017-08-30,920.0499877929688,929.5700073242188
419,2017-08-31,931.760009765625,939.3300170898438
420,2017-09-01,941.1300048828125,937.3400268554688
421,2017-09-05,933.0800170898438,928.4500122070312
422,2017-09-06,930.1500244140625,927.8099975585938
423,2017-09-07,931.72998046875,935.9500122070312
424,2017-09-08,936.489990234375,926.5
425,2017-09-11,934.25,929.0800170898438
426,2017-09-12,932.5900268554688,932.0700073242188
427,2017-09-13,930.6599731445312,935.0900268554688
428,2017-09-14,931.25,925.1099853515625
429,2017-09-15,924.6599731445312,920.2899780273438
430,2017-09-18,920.010009765625,915.0
431,2017-09-19,917.4199829101562,921.8099975585938
432,2017-09-20,922.97998046875,931.5800170898438
433,2017-09-21,933.0,932.4500122070312
434,2017-09-22,927.75,928.530029296875
435,2017-09-25,925.4500122070312,920.969970703125
436,2017-09-26,923.719970703125,924.8599853515625
437,2017-09-27,927.739990234375,944.489990234375
438,2017-09-28,941.3599853515625,949.5
439,2017-09-29,952.0,959.1099853515625
440,2017-10-02,959.97998046875,953.27001953125
441,2017-10-03,954.0,957.7899780273438
442,2017-10-04,957.0,951.6799926757812
443,2017-10-05,955.489990234375,969.9600219726562
444,2017-10-06,966.7000122070312,978.8900146484375
445,2017-10-09,980.0,977.0
446,2017-10-10,980.0,972.5999755859375
447,2017-10-11,973.719970703125,989.25
448,2017-10-12,987.4500122070312,987.8300170898438
449,2017-10-13,992.0,989.6799926757812
450,2017-10-16,992.0999755859375,992.0
451,2017-10-17,990.2899780273438,992.1799926757812
452,2017-10-18,991.77001953125,992.8099975585938
453,2017-10-19,986.0,984.4500122070312
454,2017-10-20,989.4400024414062,988.2000122070312
455,2017-10-23,989.52001953125,968.4500122070312
456,2017-10-24,970.0,970.5399780273438
457,2017-10-25,968.3699951171875,973.3300170898438
458,2017-10-26,980.0,972.5599975585938
459,2017-10-27,1009.1900024414062,1019.27001953125
460,2017-10-30,1014.0,1017.1099853515625
461,2017-10-31,1015.219970703125,1016.6400146484375
462,2017-11-01,1017.2100219726562,1025.5
463,2017-11-02,1021.760009765625,1025.5799560546875
464,2017-11-03,1022.1099853515625,1032.47998046875
465,2017-11-06,1028.989990234375,1025.9000244140625
466,2017-11-07,1027.27001953125,1033.3299560546875
467,2017-11-08,1030.52001953125,1039.8499755859375
468,2017-11-09,1033.989990234375,1031.260009765625
469,2017-11-10,1026.4599609375,1028.0699462890625
470,2017-11-13,1023.4199829101562,1025.75
471,2017-11-14,1022.5900268554688,1026.0
472,2017-11-15,1019.2100219726562,1020.9099731445312
473,2017-11-16,1022.52001953125,1032.5
474,2017-11-17,1034.010009765625,1019.0900268554688
475,2017-11-20,1020.260009765625,1018.3800048828125
476,2017-11-21,1023.3099975585938,1034.489990234375
477,2017-11-22,1035.0,1035.9599609375
478,2017-11-24,1035.8699951171875,1040.6099853515625
479,2017-11-27,1040.0,1054.2099609375
480,2017-11-28,1055.0899658203125,1047.4100341796875
481,2017-11-29,1042.6800537109375,1021.6599731445312
482,2017-11-30,1022.3699951171875,1021.4099731445312
483,2017-12-01,1015.7999877929688,1010.1699829101562
484,2017-12-04,1012.6599731445312,998.6799926757812
485,2017-12-05,995.9400024414062,1005.1500244140625
486,2017-12-06,1001.5,1018.3800048828125
487,2017-12-07,1020.4299926757812,1030.9300537109375
488,2017-12-08,1037.489990234375,1037.050048828125
489,2017-12-11,1035.5,1041.0999755859375
490,2017-12-12,1039.6300048828125,1040.47998046875
491,2017-12-13,1046.1199951171875,1040.6099853515625
492,2017-12-14,1045.0,1049.1500244140625
493,2017-12-15,1054.6099853515625,1064.18994140625
494,2017-12-18,1066.0799560546875,1077.1400146484375
495,2017-12-19,1075.199951171875,1070.6800537109375
496,2017-12-20,1071.780029296875,1064.949951171875
497,2017-12-21,1064.949951171875,1063.6300048828125
498,2017-12-22,1061.1099853515625,1060.1199951171875
499,2017-12-26,1058.0699462890625,1056.739990234375
500,2017-12-27,1057.3900146484375,1049.3699951171875
501,2017-12-28,1051.5999755859375,1048.1400146484375
502,2017-12-29,1046.719970703125,1046.4000244140625
503,2018-01-02,1048.3399658203125,1065.0
504,2018-01-03,1064.31005859375,1082.47998046875
505,2018-01-04,1088.0,1086.4000244140625
506,2018-01-05,1094.0,1102.22998046875
507,2018-01-08,1102.22998046875,1106.93994140625
508,2018-01-09,1109.4000244140625,1106.260009765625
509,2018-01-10,1097.0999755859375,1102.6099853515625
510,2018-01-11,1106.300048828125,1105.52001953125
511,2018-01-12,1102.4100341796875,1122.260009765625
512,2018-01-16,1132.510009765625,1121.760009765625
513,2018-01-17,1126.219970703125,1131.97998046875
514,2018-01-18,1131.4100341796875,1129.7900390625
515,2018-01-19,1131.8299560546875,1137.510009765625
516,2018-01-22,1137.489990234375,1155.81005859375
517,2018-01-23,1159.8499755859375,1169.969970703125
518,2018-01-24,1177.3299560546875,1164.239990234375
519,2018-01-25,1172.530029296875,1170.3699951171875
520,2018-01-26,1175.0799560546875,1175.8399658203125
521,2018-01-29,1176.47998046875,1175.5799560546875
522,2018-01-30,1167.8299560546875,1163.68994140625
523,2018-01-31,1170.5699462890625,1169.93994140625
524,2018-02-01,1162.6099853515625,1167.699951171875
525,2018-02-02,1122.0,1111.9000244140625
526,2018-02-05,1090.5999755859375,1055.800048828125
527,2018-02-06,1027.1800537109375,1080.5999755859375
528,2018-02-07,1081.5400390625,1048.5799560546875
529,2018-02-08,1055.4100341796875,1001.52001953125
530,2018-02-09,1017.25,1037.780029296875
531,2018-02-12,1048.0,1051.93994140625
532,2018-02-13,1045.0,1052.0999755859375
533,2018-02-14,1048.949951171875,1069.699951171875
534,2018-02-15,1079.0699462890625,1089.52001953125
535,2018-02-16,1088.4100341796875,1094.800048828125
536,2018-02-20,1090.5699462890625,1102.4599609375
537,2018-02-21,1106.469970703125,1111.3399658203125
538,2018-02-22,1116.18994140625,1106.6300048828125
539,2018-02-23,1112.6400146484375,1126.7900390625
540,2018-02-26,1127.800048828125,1143.75
541,2018-02-27,1141.239990234375,1118.2900390625
542,2018-02-28,1123.030029296875,1104.72998046875
543,2018-03-01,1107.8699951171875,1069.52001953125
544,2018-03-02,1053.0799560546875,1078.9200439453125
545,2018-03-05,1075.1400146484375,1090.9300537109375
546,2018-03-06,1099.219970703125,1095.06005859375
547,2018-03-07,1089.18994140625,1109.6400146484375
548,2018-03-08,1115.3199462890625,1126.0
549,2018-03-09,1136.0,1160.0400390625
550,2018-03-12,1163.8499755859375,1164.5
551,2018-03-13,1170.0,1138.1700439453125
552,2018-03-14,1145.2099609375,1149.489990234375
553,2018-03-15,1149.9599609375,1149.5799560546875
554,2018-03-16,1154.1400146484375,1135.72998046875
555,2018-03-19,1120.010009765625,1099.8199462890625
556,2018-03-20,1099.0,1097.7099609375
557,2018-03-21,1092.739990234375,1090.8800048828125
558,2018-03-22,1081.8800048828125,1049.0799560546875
559,2018-03-23,1047.030029296875,1021.5700073242188
560,2018-03-26,1046.0,1053.2099609375
561,2018-03-27,1063.0,1005.0999755859375
562,2018-03-28,998.0,1004.5599975585938
563,2018-03-29,1011.6300048828125,1031.7900390625
564,2018-04-02,1022.8200073242188,1006.469970703125
565,2018-04-03,1013.9099731445312,1013.4099731445312
566,2018-04-04,993.4099731445312,1025.1400146484375
567,2018-04-05,1041.3299560546875,1027.81005859375
568,2018-04-06,1020.0,1007.0399780273438
569,2018-04-09,1016.7999877929688,1015.4500122070312
570,2018-04-10,1026.43994140625,1031.6400146484375
571,2018-04-11,1027.989990234375,1019.969970703125
572,2018-04-12,1025.0400390625,1032.510009765625
573,2018-04-13,1040.8800048828125,1029.27001953125
574,2018-04-16,1037.0,1037.97998046875
575,2018-04-17,1051.3699951171875,1074.1600341796875
576,2018-04-18,1077.4300537109375,1072.0799560546875
577,2018-04-19,1069.4000244140625,1087.699951171875
578,2018-04-20,1082.0,1072.9599609375
579,2018-04-23,1077.8599853515625,1067.449951171875
580,2018-04-24,1052.0,1019.97998046875
581,2018-04-25,1025.52001953125,1021.1799926757812
582,2018-04-26,1029.510009765625,1040.0400390625
583,2018-04-27,1046.0,1030.050048828125
584,2018-04-30,1030.010009765625,1017.3300170898438
585,2018-05-01,1013.6599731445312,1037.31005859375
586,2018-05-02,1028.0999755859375,1024.3800048828125
587,2018-05-03,1019.0,1023.719970703125
588,2018-05-04,1016.9000244140625,1048.2099609375
589,2018-05-07,1049.22998046875,1054.7900390625
590,2018-05-08,1058.5400390625,1053.9100341796875
591,2018-05-09,1058.0999755859375,1082.760009765625
592,2018-05-10,1086.030029296875,1097.5699462890625
593,2018-05-11,1093.5999755859375,1098.260009765625
594,2018-05-14,1100.0,1100.199951171875
595,2018-05-15,1090.0,1079.22998046875
596,2018-05-16,1077.31005859375,1081.77001953125
597,2018-05-17,1079.8900146484375,1078.5899658203125
598,2018-05-18,1061.8599853515625,1066.3599853515625
599,2018-05-21,1074.06005859375,1079.5799560546875
600,2018-05-22,1083.56005859375,1069.72998046875
601,2018-05-23,1065.1300048828125,1079.68994140625
602,2018-05-24,1079.0,1079.239990234375
603,2018-05-25,1079.02001953125,1075.6600341796875
604,2018-05-29,1064.8900146484375,1060.3199462890625
605,2018-05-30,1063.030029296875,1067.800048828125
606,2018-05-31,1067.56005859375,1084.989990234375
607,2018-06-01,1099.3499755859375,1119.5
608,2018-06-04,1122.3299560546875,1139.2900390625
609,2018-06-05,1140.989990234375,1139.6600341796875
610,2018-06-06,1142.1700439453125,1136.8800048828125
611,2018-06-07,1131.3199462890625,1123.8599853515625
612,2018-06-08,1118.1800537109375,1120.8699951171875
613,2018-06-11,1118.5999755859375,1129.989990234375
614,2018-06-12,1131.0699462890625,1139.3199462890625
615,2018-06-13,1141.1199951171875,1134.7900390625
616,2018-06-14,1143.8499755859375,1152.1199951171875
617,2018-06-15,1148.8599853515625,1152.260009765625
618,2018-06-18,1143.6500244140625,1173.4599609375
619,2018-06-19,1158.5,1168.06005859375
620,2018-06-20,1175.31005859375,1169.8399658203125
621,2018-06-21,1174.8499755859375,1157.6600341796875
622,2018-06-22,1159.1400146484375,1155.47998046875
623,2018-06-25,1143.5999755859375,1124.81005859375
624,2018-06-26,1128.0,1118.4599609375
625,2018-06-27,1121.3399658203125,1103.97998046875
626,2018-06-28,1102.0899658203125,1114.219970703125
627,2018-06-29,1120.0,1115.6500244140625
628,2018-07-02,1099.0,1127.4599609375
629,2018-07-03,1135.8199462890625,1102.8900146484375
630,2018-07-05,1110.530029296875,1124.27001953125
631,2018-07-06,1123.5799560546875,1140.1700439453125
632,2018-07-09,1148.47998046875,1154.050048828125
633,2018-07-10,1156.97998046875,1152.8399658203125
634,2018-07-11,1144.5899658203125,1153.9000244140625
635,2018-07-12,1159.8900146484375,1183.47998046875
636,2018-07-13,1185.0,1188.8199462890625
637,2018-07-16,1189.3900146484375,1183.8599853515625
638,2018-07-17,1172.219970703125,1198.800048828125
639,2018-07-18,1196.56005859375,1195.8800048828125
640,2018-07-19,1191.0,1186.9599609375
641,2018-07-20,1186.9599609375,1184.9100341796875
642,2018-07-23,1181.010009765625,1205.5
643,2018-07-24,1262.5899658203125,1248.0799560546875
644,2018-07-25,1239.1300048828125,1263.699951171875
645,2018-07-26,1251.0,1268.3299560546875
646,2018-07-27,1271.0,1238.5
647,2018-07-30,1228.010009765625,1219.739990234375
648,2018-07-31,1220.010009765625,1217.260009765625
649,2018-08-01,1228.0,1220.010009765625
650,2018-08-02,1205.9000244140625,1226.1500244140625
651,2018-08-03,1229.6199951171875,1223.7099609375
652,2018-08-06,1225.0,1224.77001953125
653,2018-08-07,1237.0,1242.219970703125
654,2018-08-08,1240.469970703125,1245.6099853515625
655,2018-08-09,1249.9000244140625,1249.0999755859375
656,2018-08-10,1243.0,1237.6099853515625
657,2018-08-13,1236.97998046875,1235.010009765625
658,2018-08-14,1235.18994140625,1242.0999755859375
659,2018-08-15,1229.260009765625,1214.3800048828125
660,2018-08-16,1224.72998046875,1206.489990234375
661,2018-08-17,1202.030029296875,1200.9599609375
662,2018-08-20,1205.02001953125,1207.77001953125
663,2018-08-21,1208.0,1201.6199951171875
664,2018-08-22,1200.0,1207.3299560546875
665,2018-08-23,1207.1400146484375,1205.3800048828125
666,2018-08-24,1208.8199462890625,1220.6500244140625
667,2018-08-27,1227.5999755859375,1241.8199462890625
668,2018-08-28,1241.2900390625,1231.1500244140625
669,2018-08-29,1237.449951171875,1249.300048828125
670,2018-08-30,1244.22998046875,1239.1199951171875
671,2018-08-31,1234.97998046875,1218.18994140625
672,2018-09-04,1204.27001953125,1197.0
673,2018-09-05,1193.800048828125,1186.47998046875
674,2018-09-06,1186.300048828125,1171.43994140625
675,2018-09-07,1158.6700439453125,1164.8299560546875
676,2018-09-10,1172.18994140625,1164.6400146484375
677,2018-09-11,1161.6300048828125,1177.3599853515625
678,2018-09-12,1172.719970703125,1162.8199462890625
679,2018-09-13,1170.739990234375,1175.3299560546875
680,2018-09-14,1179.0999755859375,1172.530029296875
681,2018-09-17,1170.1400146484375,1156.050048828125
682,2018-09-18,1157.0899658203125,1161.219970703125
683,2018-09-19,1164.97998046875,1171.0899658203125
684,2018-09-20,1179.989990234375,1186.8699951171875
685,2018-09-21,1192.0,1166.0899658203125
686,2018-09-24,1157.1700439453125,1173.3699951171875
687,2018-09-25,1176.1500244140625,1184.6500244140625
688,2018-09-26,1185.1500244140625,1180.489990234375
689,2018-09-27,1186.72998046875,1194.6400146484375
690,2018-09-28,1191.8699951171875,1193.469970703125
691,2018-10-01,1199.8900146484375,1195.31005859375
692,2018-10-02,1190.9599609375,1200.1099853515625
693,2018-10-03,1205.0,1202.949951171875
694,2018-10-04,1195.3299560546875,1168.18994140625
695,2018-10-05,1167.5,1157.3499755859375
696,2018-10-08,1150.1099853515625,1148.969970703125
697,2018-10-09,1146.1500244140625,1138.8199462890625
698,2018-10-10,1131.0799560546875,1081.219970703125
699,2018-10-11,1072.93994140625,1079.3199462890625
700,2018-10-12,1108.0,1110.0799560546875
701,2018-10-15,1108.9100341796875,1092.25
702,2018-10-16,1104.5899658203125,1121.280029296875
703,2018-10-17,1126.4599609375,1115.68994140625
704,2018-10-18,1121.8399658203125,1087.969970703125
705,2018-10-19,1093.3699951171875,1096.4599609375
706,2018-10-22,1103.06005859375,1101.1600341796875
707,2018-10-23,1080.8900146484375,1103.68994140625
708,2018-10-24,1104.25,1050.7099609375
709,2018-10-25,1071.7900390625,1095.5699462890625
710,2018-10-26,1037.030029296875,1071.469970703125
711,2018-10-29,1082.469970703125,1020.0800170898438
712,2018-10-30,1008.4600219726562,1036.2099609375
713,2018-10-31,1059.81005859375,1076.77001953125
714,2018-11-01,1075.800048828125,1070.0
715,2018-11-02,1073.72998046875,1057.7900390625
716,2018-11-05,1055.0,1040.0899658203125
717,2018-11-06,1039.47998046875,1055.81005859375
718,2018-11-07,1069.0,1093.3900146484375
719,2018-11-08,1091.3800048828125,1082.4000244140625
720,2018-11-09,1073.989990234375,1066.1500244140625
721,2018-11-12,1061.3900146484375,1038.6300048828125
722,2018-11-13,1043.2900390625,1036.050048828125
723,2018-11-14,1050.0,1043.6600341796875
724,2018-11-15,1044.7099609375,1064.7099609375
725,2018-11-16,1059.4100341796875,1061.489990234375
726,2018-11-19,1057.199951171875,1020.0
727,2018-11-20,1000.0,1025.760009765625
728,2018-11-21,1036.760009765625,1037.6099853515625
729,2018-11-23,1030.0,1023.8800048828125
730,2018-11-26,1038.3499755859375,1048.6199951171875
731,2018-11-27,1041.0,1044.4100341796875
732,2018-11-28,1048.760009765625,1086.22998046875
733,2018-11-29,1076.0799560546875,1088.300048828125
734,2018-11-30,1089.0699462890625,1094.4300537109375
735,2018-12-03,1123.1400146484375,1106.4300537109375
736,2018-12-04,1103.1199951171875,1050.8199462890625
737,2018-12-06,1034.260009765625,1068.72998046875
738,2018-12-07,1060.010009765625,1036.5799560546875
739,2018-12-10,1035.050048828125,1039.550048828125
740,2018-12-11,1056.489990234375,1051.75
741,2018-12-12,1068.0,1063.6800537109375
742,2018-12-13,1068.0699462890625,1061.9000244140625
743,2018-12-14,1049.97998046875,1042.0999755859375
744,2018-12-17,1037.510009765625,1016.530029296875
745,2018-12-18,1026.0899658203125,1028.7099609375
746,2018-12-19,1033.989990234375,1023.010009765625
747,2018-12-20,1018.1300048828125,1009.4099731445312
748,2018-12-21,1015.2999877929688,979.5399780273438
749,2018-12-24,973.9000244140625,976.219970703125
750,2018-12-26,989.010009765625,1039.4599609375
751,2018-12-27,1017.1500244140625,1043.8800048828125
752,2018-12-28,1049.6199951171875,1037.0799560546875
753,2018-12-31,1050.9599609375,1035.6099853515625
754,2019-01-02,1016.5700073242188,1045.8499755859375
755,2019-01-03,1041.0,1016.0599975585938
756,2019-01-04,1032.5899658203125,1070.7099609375
757,2019-01-07,1071.5,1068.3900146484375
758,2019-01-08,1076.1099853515625,1076.280029296875
759,2019-01-09,1081.6500244140625,1074.6600341796875
760,2019-01-10,1067.6600341796875,1070.3299560546875
761,2019-01-11,1063.1800537109375,1057.18994140625
762,2019-01-14,1046.9200439453125,1044.68994140625
763,2019-01-15,1050.1700439453125,1077.1500244140625
764,2019-01-16,1080.0,1080.969970703125
765,2019-01-17,1079.469970703125,1089.9000244140625
766,2019-01-18,1100.0,1098.260009765625
767,2019-01-22,1088.0,1070.52001953125
768,2019-01-23,1077.3499755859375,1075.5699462890625
769,2019-01-24,1076.47998046875,1073.9000244140625
770,2019-01-25,1085.0,1090.989990234375
771,2019-01-28,1080.1099853515625,1070.0799560546875
772,2019-01-29,1072.6800537109375,1060.6199951171875
773,2019-01-30,1068.4300537109375,1089.06005859375
774,2019-01-31,1103.0,1116.3699951171875
775,2019-02-01,1112.4000244140625,1110.75
776,2019-02-04,1112.6600341796875,1132.800048828125
777,2019-02-05,1124.8399658203125,1145.989990234375
778,2019-02-06,1139.5699462890625,1115.22998046875
779,2019-02-07,1104.1600341796875,1098.7099609375
780,2019-02-08,1087.0,1095.06005859375
781,2019-02-11,1096.949951171875,1095.010009765625
782,2019-02-12,1106.800048828125,1121.3699951171875
783,2019-02-13,1124.989990234375,1120.1600341796875
784,2019-02-14,1118.050048828125,1121.6700439453125
785,2019-02-15,1130.0799560546875,1113.6500244140625
786,2019-02-19,1110.0,1118.56005859375
787,2019-02-20,1119.989990234375,1113.800048828125
788,2019-02-21,1110.8399658203125,1096.969970703125
789,2019-02-22,1100.9000244140625,1110.3699951171875
790,2019-02-25,1116.0,1109.4000244140625
791,2019-02-26,1105.75,1115.1300048828125
792,2019-02-27,1106.949951171875,1116.050048828125
793,2019-02-28,1111.300048828125,1119.9200439453125
794,2019-03-01,1124.9000244140625,1140.989990234375
795,2019-03-04,1146.989990234375,1147.800048828125
796,2019-03-05,1150.06005859375,1162.030029296875
797,2019-03-06,1162.489990234375,1157.8599853515625
798,2019-03-07,1155.719970703125,1143.300048828125
799,2019-03-08,1126.72998046875,1142.3199462890625
800,2019-03-11,1144.449951171875,1175.760009765625
801,2019-03-12,1178.260009765625,1193.199951171875
802,2019-03-13,1200.64501953125,1193.3199462890625
803,2019-03-14,1194.510009765625,1185.550048828125
804,2019-03-15,1193.3800048828125,1184.4599609375
805,2019-03-18,1183.300048828125,1184.260009765625
806,2019-03-19,1188.81005859375,1198.8499755859375
807,2019-03-20,1197.3499755859375,1223.969970703125
808,2019-03-21,1216.0,1231.5400390625
809,2019-03-22,1226.3199462890625,1205.5
810,2019-03-25,1196.9300537109375,1193.0
811,2019-03-26,1198.530029296875,1184.6199951171875
812,2019-03-27,1185.5,1173.02001953125
813,2019-03-28,1171.5400390625,1168.489990234375
814,2019-03-29,1174.9000244140625,1173.31005859375
815,2019-04-01,1184.0999755859375,1194.4300537109375
816,2019-04-02,1195.3199462890625,1200.489990234375
817,2019-04-03,1207.47998046875,1205.9200439453125
818,2019-04-04,1205.93994140625,1215.0
819,2019-04-05,1214.989990234375,1207.1500244140625
820,2019-04-08,1207.8900146484375,1203.8399658203125
821,2019-04-09,1196.0,1197.25
822,2019-04-10,1200.6800537109375,1202.1600341796875
823,2019-04-11,1203.9599609375,1204.6199951171875
824,2019-04-12,1210.0,1217.8699951171875
825,2019-04-15,1218.0,1221.0999755859375
826,2019-04-16,1225.0,1227.1300048828125
827,2019-04-17,1233.0,1236.3399658203125
828,2019-04-18,1239.1800537109375,1236.3699951171875
829,2019-04-22,1235.989990234375,1248.8399658203125
830,2019-04-23,1250.68994140625,1264.550048828125
831,2019-04-24,1264.1199951171875,1256.0
832,2019-04-25,1264.77001953125,1263.449951171875
833,2019-04-26,1269.0,1272.1800537109375
834,2019-04-29,1274.0,1287.5799560546875
835,2019-04-30,1185.0,1188.47998046875
836,2019-05-01,1188.050048828125,1168.0799560546875
837,2019-05-02,1167.760009765625,1162.6099853515625
838,2019-05-03,1173.6500244140625,1185.4000244140625
839,2019-05-06,1166.260009765625,1189.3900146484375
840,2019-05-07,1180.469970703125,1174.0999755859375
841,2019-05-08,1172.010009765625,1166.27001953125
842,2019-05-09,1159.030029296875,1162.3800048828125
843,2019-05-10,1163.5899658203125,1164.27001953125
844,2019-05-13,1141.9599609375,1132.030029296875
845,2019-05-14,1137.2099609375,1120.43994140625
846,2019-05-15,1117.8699951171875,1164.2099609375
847,2019-05-16,1164.510009765625,1178.97998046875
848,2019-05-17,1168.469970703125,1162.300048828125
849,2019-05-20,1144.5,1138.8499755859375
850,2019-05-21,1148.489990234375,1149.6300048828125
851,2019-05-22,1146.75,1151.4200439453125
852,2019-05-23,1140.5,1140.77001953125
853,2019-05-24,1147.3599853515625,1133.469970703125
854,2019-05-28,1134.0,1134.1500244140625
855,2019-05-29,1127.52001953125,1116.4599609375
856,2019-05-30,1115.5400390625,1117.949951171875
857,2019-05-31,1101.2900390625,1103.6300048828125
858,2019-06-03,1065.5,1036.22998046875
859,2019-06-04,1042.9000244140625,1053.050048828125
860,2019-06-05,1051.5400390625,1042.219970703125
861,2019-06-06,1044.989990234375,1044.3399658203125
862,2019-06-07,1050.6300048828125,1066.0400390625
863,2019-06-10,1072.97998046875,1080.3800048828125
864,2019-06-11,1093.97998046875,1078.719970703125
865,2019-06-12,1078.0,1077.030029296875
866,2019-06-13,1083.6400146484375,1088.77001953125
867,2019-06-14,1086.4200439453125,1085.3499755859375
868,2019-06-17,1086.280029296875,1092.5
869,2019-06-18,1109.68994140625,1103.5999755859375
870,2019-06-19,1105.5999755859375,1102.3299560546875
871,2019-06-20,1119.989990234375,1111.4200439453125
872,2019-06-21,1109.239990234375,1121.8800048828125
873,2019-06-24,1119.6099853515625,1115.52001953125
874,2019-06-25,1112.6600341796875,1086.3499755859375
875,2019-06-26,1086.5,1079.800048828125
876,2019-06-27,1084.0,1076.010009765625
877,2019-06-28,1076.3900146484375,1080.9100341796875
878,2019-07-01,1098.0,1097.949951171875
879,2019-07-02,1102.239990234375,1111.25
880,2019-07-03,1117.4100341796875,1121.5799560546875
881,2019-07-05,1117.800048828125,1131.5899658203125
882,2019-07-08,1125.1700439453125,1116.3499755859375
883,2019-07-09,1111.800048828125,1124.8299560546875
884,2019-07-10,1131.219970703125,1140.47998046875
885,2019-07-11,1143.25,1144.2099609375
886,2019-07-12,1143.989990234375,1144.9000244140625
887,2019-07-15,1146.8599853515625,1150.3399658203125
888,2019-07-16,1146.0,1153.5799560546875
889,2019-07-17,1150.969970703125,1146.3499755859375
890,2019-07-18,1141.739990234375,1146.3299560546875
891,2019-07-19,1148.18994140625,1130.0999755859375
892,2019-07-22,1133.449951171875,1138.0699462890625
893,2019-07-23,1144.0,1146.2099609375
894,2019-07-24,1131.9000244140625,1137.81005859375
895,2019-07-25,1137.8199462890625,1132.1199951171875
896,2019-07-26,1224.0400390625,1250.4100341796875
897,2019-07-29,1241.050048828125,1239.4100341796875
898,2019-07-30,1225.4100341796875,1225.1400146484375
899,2019-07-31,1223.0,1216.6800537109375
900,2019-08-01,1214.030029296875,1209.010009765625
901,2019-08-02,1200.739990234375,1193.989990234375
902,2019-08-05,1170.0400390625,1152.3199462890625
903,2019-08-06,1163.31005859375,1169.949951171875
904,2019-08-07,1156.0,1173.989990234375
905,2019-08-08,1182.8299560546875,1204.800048828125
906,2019-08-09,1197.989990234375,1188.010009765625
907,2019-08-12,1179.2099609375,1174.7099609375
908,2019-08-13,1171.4599609375,1197.27001953125
909,2019-08-14,1176.31005859375,1164.2900390625
910,2019-08-15,1163.5,1167.260009765625
911,2019-08-16,1179.550048828125,1177.5999755859375
912,2019-08-19,1190.0899658203125,1198.449951171875
913,2019-08-20,1195.25,1182.68994140625
914,2019-08-21,1193.1500244140625,1191.25
915,2019-08-22,1194.0699462890625,1189.530029296875
916,2019-08-23,1181.989990234375,1151.2900390625
917,2019-08-26,1157.260009765625,1168.8900146484375
918,2019-08-27,1180.530029296875,1167.8399658203125
919,2019-08-28,1161.7099609375,1171.02001953125
920,2019-08-29,1181.1199951171875,1192.8499755859375
921,2019-08-30,1198.5,1188.0999755859375
922,2019-09-03,1177.030029296875,1168.3900146484375
923,2019-09-04,1176.7099609375,1181.4100341796875
924,2019-09-05,1191.530029296875,1211.3800048828125
925,2019-09-06,1208.1300048828125,1204.9300537109375
926,2019-09-09,1204.0,1204.4100341796875
927,2019-09-10,1195.1500244140625,1206.0
928,2019-09-11,1203.4100341796875,1220.1700439453125
929,2019-09-12,1224.300048828125,1234.25
930,2019-09-13,1231.3499755859375,1239.56005859375
931,2019-09-16,1229.52001953125,1231.300048828125
932,2019-09-17,1230.4000244140625,1229.1500244140625
933,2019-09-18,1227.510009765625,1232.4100341796875
934,2019-09-19,1232.06005859375,1238.7099609375
935,2019-09-20,1233.1199951171875,1229.9300537109375
936,2019-09-23,1226.0,1234.030029296875
937,2019-09-24,1240.0,1218.760009765625
938,2019-09-25,1215.8199462890625,1246.52001953125
939,2019-09-26,1241.9599609375,1241.3900146484375
940,2019-09-27,1243.010009765625,1225.0899658203125
941,2019-09-30,1220.969970703125,1219.0
942,2019-10-01,1219.0,1205.0999755859375
943,2019-10-02,1196.97998046875,1176.6300048828125
944,2019-10-03,1180.0,1187.8299560546875
945,2019-10-04,1191.8900146484375,1209.0
946,2019-10-07,1204.4000244140625,1207.6800537109375
947,2019-10-08,1197.5899658203125,1189.1300048828125
948,2019-10-09,1199.3499755859375,1202.31005859375
949,2019-10-10,1198.5799560546875,1208.6700439453125
950,2019-10-11,1222.2099609375,1215.449951171875
951,2019-10-14,1212.3399658203125,1217.1400146484375
952,2019-10-15,1220.4000244140625,1243.010009765625
953,2019-10-16,1241.1700439453125,1243.6400146484375
954,2019-10-17,1250.9300537109375,1253.0699462890625
955,2019-10-18,1253.4599609375,1245.489990234375
956,2019-10-21,1252.260009765625,1246.1500244140625
957,2019-10-22,1247.8499755859375,1242.800048828125
958,2019-10-23,1242.3599853515625,1259.1300048828125
959,2019-10-24,1260.9000244140625,1260.989990234375
960,2019-10-25,1251.030029296875,1265.1300048828125
961,2019-10-28,1275.449951171875,1290.0
962,2019-10-29,1276.22998046875,1262.6199951171875
963,2019-10-30,1252.969970703125,1261.2900390625
964,2019-10-31,1261.280029296875,1260.1099853515625
965,2019-11-01,1265.0,1273.739990234375
966,2019-11-04,1276.449951171875,1291.3699951171875
967,2019-11-05,1292.8900146484375,1292.030029296875
968,2019-11-06,1289.4599609375,1291.800048828125
969,2019-11-07,1294.280029296875,1308.8599853515625
970,2019-11-08,1305.280029296875,1311.3699951171875
971,2019-11-11,1303.1800537109375,1299.18994140625
972,2019-11-12,1300.0,1298.800048828125
973,2019-11-13,1294.0699462890625,1298.0
974,2019-11-14,1297.5,1311.4599609375
975,2019-11-15,1318.93994140625,1334.8699951171875
976,2019-11-18,1332.219970703125,1320.699951171875
977,2019-11-19,1327.699951171875,1315.4599609375
978,2019-11-20,1311.739990234375,1303.050048828125
979,2019-11-21,1301.47998046875,1301.3499755859375
980,2019-11-22,1305.6199951171875,1295.3399658203125
981,2019-11-25,1299.1800537109375,1306.68994140625
982,2019-11-26,1309.8599853515625,1313.550048828125
983,2019-11-27,1315.0,1312.989990234375
984,2019-11-29,1307.1199951171875,1304.9599609375
985,2019-12-02,1301.0,1289.9200439453125
986,2019-12-03,1279.5699462890625,1295.280029296875
987,2019-12-04,1307.010009765625,1320.5400390625
988,2019-12-05,1328.0,1328.1300048828125
989,2019-12-06,1333.43994140625,1340.6199951171875
990,2019-12-09,1338.0400390625,1343.56005859375
991,2019-12-10,1341.5,1344.6600341796875
992,2019-12-11,1350.8399658203125,1345.02001953125
993,2019-12-12,1345.93994140625,1350.27001953125
994,2019-12-13,1347.949951171875,1347.8299560546875
995,2019-12-16,1356.5,1361.1700439453125
996,2019-12-17,1362.8900146484375,1355.1199951171875
997,2019-12-18,1356.5999755859375,1352.6199951171875
998,2019-12-19,1351.8199462890625,1356.0400390625
999,2019-12-20,1363.3499755859375,1349.5899658203125
1000,2019-12-23,1355.8699951171875,1348.8399658203125
1001,2019-12-24,1348.5,1343.56005859375
1002,2019-12-26,1346.1700439453125,1360.4000244140625
1003,2019-12-27,1362.989990234375,1351.8900146484375
1004,2019-12-30,1350.0,1336.1400146484375
1005,2019-12-31,1330.1099853515625,1337.02001953125
1006,2020-01-02,1341.550048828125,1367.3699951171875
1007,2020-01-03,1347.8599853515625,1360.6600341796875
1008,2020-01-06,1350.0,1394.2099609375
1009,2020-01-07,1397.93994140625,1393.3399658203125
1010,2020-01-08,1392.0799560546875,1404.3199462890625
1011,2020-01-09,1420.5699462890625,1419.8299560546875
1012,2020-01-10,1427.56005859375,1429.72998046875
1013,2020-01-13,1436.1300048828125,1439.22998046875
1014,2020-01-14,1439.010009765625,1430.8800048828125
1015,2020-01-15,1430.2099609375,1439.199951171875
1016,2020-01-16,1447.43994140625,1451.699951171875
1017,2020-01-17,1462.9100341796875,1480.3900146484375
1018,2020-01-21,1479.1199951171875,1484.4000244140625
1019,2020-01-22,1491.0,1485.949951171875
1020,2020-01-23,1487.6400146484375,1486.6500244140625
1021,2020-01-24,1493.5899658203125,1466.7099609375
1022,2020-01-27,1431.0,1433.9000244140625
1023,2020-01-28,1443.0,1452.56005859375
1024,2020-01-29,1458.800048828125,1458.6300048828125
1025,2020-01-30,1439.9599609375,1455.8399658203125
1026,2020-01-31,1468.9000244140625,1434.22998046875
1027,2020-02-03,1462.0,1485.93994140625
1028,2020-02-04,1457.0699462890625,1447.0699462890625
1029,2020-02-05,1462.4200439453125,1448.22998046875
1030,2020-02-06,1450.3299560546875,1476.22998046875
1031,2020-02-07,1467.300048828125,1479.22998046875
1032,2020-02-10,1474.3199462890625,1508.6800537109375
1033,2020-02-11,1511.81005859375,1508.7900390625
1034,2020-02-12,1514.47998046875,1518.27001953125
1035,2020-02-13,1512.68994140625,1514.6600341796875
1036,2020-02-14,1515.5999755859375,1520.739990234375
1037,2020-02-18,1515.0,1519.6700439453125
1038,2020-02-19,1525.0699462890625,1526.68994140625
1039,2020-02-20,1522.0,1518.1500244140625
1040,2020-02-21,1508.030029296875,1485.1099853515625
1041,2020-02-24,1426.1099853515625,1421.5899658203125
1042,2020-02-25,1433.0,1388.449951171875
1043,2020-02-26,1396.1400146484375,1393.1800537109375
1044,2020-02-27,1362.06005859375,1318.0899658203125
1045,2020-02-28,1277.5,1339.3299560546875
1046,2020-03-02,1351.6099853515625,1389.1099853515625
1047,2020-03-03,1399.4200439453125,1341.3900146484375
1048,2020-03-04,1359.22998046875,1386.52001953125
1049,2020-03-05,1350.199951171875,1319.0400390625
1050,2020-03-06,1277.06005859375,1298.4100341796875
1051,2020-03-09,1205.300048828125,1215.56005859375
1052,2020-03-10,1260.0,1280.3900146484375
1053,2020-03-11,1249.699951171875,1215.4100341796875
1054,2020-03-12,1126.0,1114.9100341796875
1055,2020-03-13,1179.0,1219.72998046875
1056,2020-03-16,1096.0,1084.3299560546875
1057,2020-03-17,1093.1099853515625,1119.800048828125
1058,2020-03-18,1056.510009765625,1096.800048828125
1059,2020-03-19,1093.050048828125,1115.2900390625
1060,2020-03-20,1135.719970703125,1072.3199462890625
1061,2020-03-23,1061.3199462890625,1056.6199951171875
1062,2020-03-24,1103.77001953125,1134.4599609375
1063,2020-03-25,1126.469970703125,1102.489990234375
1064,2020-03-26,1111.800048828125,1161.75
1065,2020-03-27,1125.6700439453125,1110.7099609375
1066,2020-03-30,1125.0400390625,1146.8199462890625
1067,2020-03-31,1147.300048828125,1162.81005859375
1068,2020-04-01,1122.0,1105.6199951171875
1069,2020-04-02,1098.260009765625,1120.8399658203125
1070,2020-04-03,1119.0150146484375,1097.8800048828125
1071,2020-04-06,1138.0,1186.9200439453125
1072,2020-04-07,1221.0,1186.510009765625
1073,2020-04-08,1206.5,1210.280029296875
1074,2020-04-09,1224.0799560546875,1211.449951171875
1075,2020-04-13,1209.1800537109375,1217.56005859375
1076,2020-04-14,1245.0899658203125,1269.22998046875
1077,2020-04-15,1245.6099853515625,1262.469970703125
1078,2020-04-16,1274.0999755859375,1263.469970703125
1079,2020-04-17,1284.8499755859375,1283.25
1080,2020-04-20,1271.0,1266.6099853515625
1081,2020-04-21,1247.0,1216.3399658203125
1082,2020-04-22,1245.5400390625,1263.2099609375
1083,2020-04-23,1271.550048828125,1276.31005859375
1084,2020-04-24,1261.1700439453125,1279.31005859375
1085,2020-04-27,1296.0,1275.8800048828125
1086,2020-04-28,1287.9300537109375,1233.6700439453125
1087,2020-04-29,1341.4599609375,1341.47998046875
1088,2020-04-30,1324.8800048828125,1348.6600341796875
1089,2020-05-01,1328.5,1320.6099853515625
1090,2020-05-04,1308.22998046875,1326.800048828125
1091,2020-05-05,1337.9200439453125,1351.1099853515625
1092,2020-05-06,1361.68994140625,1347.300048828125
1093,2020-05-07,1365.93994140625,1372.56005859375
1094,2020-05-08,1383.1300048828125,1388.3699951171875
1095,2020-05-11,1378.280029296875,1403.260009765625
1096,2020-05-12,1407.1199951171875,1375.739990234375
1097,2020-05-13,1377.050048828125,1349.3299560546875
1098,2020-05-14,1335.02001953125,1356.1300048828125
1099,2020-05-15,1350.0,1373.18994140625
1100,2020-05-18,1361.75,1383.93994140625
1101,2020-05-19,1386.9969482421875,1373.4849853515625
1102,2020-05-20,1389.5799560546875,1406.719970703125
1103,2020-05-21,1408.0,1402.800048828125
1104,2020-05-22,1396.7099609375,1410.4200439453125
1105,2020-05-26,1437.27001953125,1417.02001953125
1106,2020-05-27,1417.25,1417.8399658203125
1107,2020-05-28,1396.8599853515625,1416.72998046875
1108,2020-05-29,1416.93994140625,1428.9200439453125
1109,2020-06-01,1418.3900146484375,1431.8199462890625
1110,2020-06-02,1430.550048828125,1439.219970703125
1111,2020-06-03,1438.300048828125,1436.3800048828125
1112,2020-06-04,1430.4000244140625,1412.1800537109375
1113,2020-06-05,1413.1700439453125,1438.3900146484375
1114,2020-06-08,1422.3399658203125,1446.6099853515625
1115,2020-06-09,1445.3599853515625,1456.1600341796875
1116,2020-06-10,1459.5400390625,1465.8499755859375
1117,2020-06-11,1442.47998046875,1403.8399658203125
1118,2020-06-12,1428.489990234375,1413.1800537109375
1119,2020-06-15,1390.800048828125,1419.8499755859375
1120,2020-06-16,1445.219970703125,1442.719970703125
1121,2020-06-17,1447.1600341796875,1451.1199951171875
1122,2020-06-18,1449.1600341796875,1435.9599609375
1123,2020-06-19,1444.0,1431.719970703125
1124,2020-06-22,1429.0,1451.8599853515625
1125,2020-06-23,1455.6400146484375,1464.4100341796875
1126,2020-06-24,1461.510009765625,1431.969970703125
1127,2020-06-25,1429.9000244140625,1441.3299560546875
1128,2020-06-26,1431.3900146484375,1359.9000244140625
1129,2020-06-29,1358.1800537109375,1394.969970703125
1130,2020-06-30,1390.43994140625,1413.6099853515625
1131,2020-07-01,1411.0999755859375,1438.0400390625
1132,2020-07-02,1446.93994140625,1464.699951171875
1133,2020-07-06,1480.06005859375,1495.699951171875
1134,2020-07-07,1490.0,1485.1800537109375
1135,2020-07-08,1494.3199462890625,1496.0
1136,2020-07-09,1506.449951171875,1510.989990234375
1137,2020-07-10,1506.1500244140625,1541.739990234375
1138,2020-07-13,1550.0,1511.3399658203125
1139,2020-07-14,1490.31005859375,1520.5799560546875
1140,2020-07-15,1523.1300048828125,1513.6400146484375
1141,2020-07-16,1500.0,1518.0
1142,2020-07-17,1521.6199951171875,1515.550048828125
1143,2020-07-20,1515.260009765625,1565.719970703125
1144,2020-07-21,1586.989990234375,1558.4200439453125
1145,2020-07-22,1560.5,1568.489990234375
1146,2020-07-23,1566.969970703125,1515.6800537109375
1147,2020-07-24,1498.9300537109375,1511.8699951171875
1148,2020-07-27,1515.5999755859375,1530.199951171875
1149,2020-07-28,1525.1800537109375,1500.3399658203125
1150,2020-07-29,1506.3199462890625,1522.02001953125
1151,2020-07-30,1497.0,1531.449951171875
1152,2020-07-31,1505.010009765625,1482.9599609375
1153,2020-08-03,1486.6400146484375,1474.449951171875
1154,2020-08-04,1476.5699462890625,1464.969970703125
1155,2020-08-05,1469.300048828125,1473.6099853515625
1156,2020-08-06,1471.75,1500.0999755859375
1157,2020-08-07,1500.0,1494.489990234375
1158,2020-08-10,1487.1800537109375,1496.0999755859375
1159,2020-08-11,1492.43994140625,1480.3199462890625
1160,2020-08-12,1485.5799560546875,1506.6199951171875
1161,2020-08-13,1510.3399658203125,1518.449951171875
1162,2020-08-14,1515.6600341796875,1507.72998046875
1163,2020-08-17,1514.6700439453125,1517.97998046875
1164,2020-08-18,1526.1800537109375,1558.5999755859375
1165,2020-08-19,1553.31005859375,1547.530029296875
1166,2020-08-20,1543.449951171875,1581.75
1167,2020-08-21,1577.030029296875,1580.4200439453125
1168,2020-08-24,1593.97998046875,1588.199951171875
1169,2020-08-25,1582.0699462890625,1608.219970703125
1170,2020-08-26,1608.0,1652.3800048828125
1171,2020-08-27,1653.6800537109375,1634.3299560546875
1172,2020-08-28,1633.489990234375,1644.4100341796875
1173,2020-08-31,1647.8900146484375,1634.1800537109375
1174,2020-09-01,1636.6300048828125,1660.7099609375
1175,2020-09-02,1673.7750244140625,1728.280029296875
1176,2020-09-03,1709.7139892578125,1641.8399658203125
1177,2020-09-04,1624.260009765625,1591.0400390625
1178,2020-09-08,1533.510009765625,1532.3900146484375
1179,2020-09-09,1557.530029296875,1556.9599609375
1180,2020-09-10,1560.6400146484375,1532.02001953125
1181,2020-09-11,1536.0,1520.719970703125
1182,2020-09-14,1539.0050048828125,1519.280029296875
1183,2020-09-15,1536.0,1541.43994140625
1184,2020-09-16,1555.5400390625,1520.9000244140625
1185,2020-09-17,1496.0,1495.530029296875
1186,2020-09-18,1498.010009765625,1459.989990234375
1187,2020-09-21,1440.06005859375,1431.1600341796875
1188,2020-09-22,1450.0899658203125,1465.4599609375
1189,2020-09-23,1458.780029296875,1415.2099609375
1190,2020-09-24,1411.030029296875,1428.2900390625
1191,2020-09-25,1432.6300048828125,1444.9599609375
1192,2020-09-28,1474.2099609375,1464.52001953125
1193,2020-09-29,1470.3900146484375,1469.3299560546875
1194,2020-09-30,1466.800048828125,1469.5999755859375
1195,2020-10-01,1484.27001953125,1490.0899658203125
1196,2020-10-02,1462.030029296875,1458.4200439453125
1197,2020-10-05,1466.2099609375,1486.02001953125
1198,2020-10-06,1475.5799560546875,1453.43994140625
1199,2020-10-07,1464.2900390625,1460.2900390625
1200,2020-10-08,1465.0899658203125,1485.9300537109375
1201,2020-10-09,1494.699951171875,1515.219970703125
1202,2020-10-12,1543.0,1569.1500244140625
1203,2020-10-13,1583.72998046875,1571.6800537109375
1204,2020-10-14,1578.5899658203125,1568.0799560546875
1205,2020-10-15,1547.1500244140625,1559.1300048828125
1206,2020-10-16,1565.8499755859375,1573.010009765625
1207,2020-10-19,1580.4599609375,1534.6099853515625
1208,2020-10-20,1527.050048828125,1555.9300537109375
1209,2020-10-21,1573.3299560546875,1593.31005859375
1210,2020-10-22,1593.050048828125,1615.3299560546875
1211,2020-10-23,1626.0699462890625,1641.0
1212,2020-10-26,1625.010009765625,1590.449951171875
1213,2020-10-27,1595.6700439453125,1604.260009765625
1214,2020-10-28,1559.739990234375,1516.6199951171875
1215,2020-10-29,1522.3599853515625,1567.239990234375
1216,2020-10-30,1672.1099853515625,1621.010009765625
1217,2020-11-02,1628.1600341796875,1626.030029296875
1218,2020-11-03,1631.780029296875,1650.2099609375
1219,2020-11-04,1710.280029296875,1749.1300048828125
1220,2020-11-05,1781.0,1763.3699951171875
1221,2020-11-06,1753.949951171875,1761.75
1222,2020-11-09,1790.9000244140625,1763.0
1223,2020-11-10,1731.0899658203125,1740.3900146484375
1224,2020-11-11,1750.0,1752.7099609375
1225,2020-11-12,1747.6300048828125,1749.8399658203125
1226,2020-11-13,1757.6300048828125,1777.02001953125
1227,2020-11-16,1771.699951171875,1781.3800048828125
1228,2020-11-17,1776.93994140625,1770.1500244140625
1229,2020-11-18,1765.22998046875,1746.780029296875
1230,2020-11-19,1738.3800048828125,1763.9200439453125
1231,2020-11-20,1765.2099609375,1742.18994140625
1232,2020-11-23,1749.5999755859375,1734.8599853515625
1233,2020-11-24,1730.5,1768.8800048828125
1234,2020-11-25,1772.8900146484375,1771.4300537109375
1235,2020-11-27,1773.0899658203125,1793.18994140625
1236,2020-11-30,1781.1839599609375,1760.739990234375
1237,2020-12-01,1774.3699951171875,1798.0999755859375
1238,2020-12-02,1798.0999755859375,1827.949951171875
1239,2020-12-03,1824.010009765625,1826.77001953125
1240,2020-12-04,1824.52001953125,1827.989990234375
1241,2020-12-07,1819.0,1819.47998046875
1242,2020-12-08,1810.0999755859375,1818.550048828125
1243,2020-12-09,1812.010009765625,1784.1300048828125
1244,2020-12-10,1769.800048828125,1775.3299560546875
1245,2020-12-11,1763.06005859375,1781.77001953125
1246,2020-12-14,1775.0,1760.06005859375
1247,2020-12-15,1764.4200439453125,1767.77001953125
1248,2020-12-16,1772.8800048828125,1763.0
1249,2020-12-17,1768.510009765625,1747.9000244140625
1250,2020-12-18,1754.1800537109375,1731.010009765625
1251,2020-12-21,1713.510009765625,1739.3699951171875
1252,2020-12-22,1734.4300537109375,1723.5
1253,2020-12-23,1728.1099853515625,1732.3800048828125
1254,2020-12-24,1735.0,1738.8499755859375
1255,2020-12-28,1751.635009765625,1776.0899658203125
1256,2020-12-29,1787.7900390625,1758.719970703125
1257,2020-12-30,1762.010009765625,1739.52001953125
1258,2020-12-31,1735.4200439453125,1751.8800048828125
1259,2021-01-04,1757.5400390625,1728.239990234375
1260,2021-01-05,1725.0,1740.9200439453125
1261,2021-01-06,1702.6300048828125,1735.2900390625
1262,2021-01-07,1740.06005859375,1787.25
1263,2021-01-08,1787.97998046875,1807.2099609375
1264,2021-01-11,1786.0699462890625,1766.719970703125
1265,2021-01-12,1753.9200439453125,1746.550048828125
1266,2021-01-13,1738.5799560546875,1754.4000244140625
1267,2021-01-14,1753.6199951171875,1740.1800537109375
1268,2021-01-15,1738.18994140625,1736.18994140625
1269,2021-01-19,1752.25,1790.8599853515625
1270,2021-01-20,1831.4599609375,1886.9000244140625
1271,2021-01-21,1898.0,1891.25
1272,2021-01-22,1895.6800537109375,1901.050048828125
1273,2021-01-25,1920.6700439453125,1899.4000244140625
1274,2021-01-26,1888.8399658203125,1917.239990234375
1275,2021-01-27,1882.530029296875,1830.7900390625
1276,2021-01-28,1843.93994140625,1863.1099853515625
1277,2021-01-29,1846.1700439453125,1835.739990234375
1278,2021-02-01,1853.5699462890625,1901.3499755859375
1279,2021-02-02,1922.56005859375,1927.510009765625
1280,2021-02-03,2073.0,2070.070068359375
1281,2021-02-04,2068.889892578125,2062.3701171875
1282,2021-02-05,2070.0,2098.0
1283,2021-02-08,2105.909912109375,2092.909912109375
1284,2021-02-09,2078.5400390625,2083.510009765625
1285,2021-02-10,2094.2099609375,2095.3798828125
1286,2021-02-11,2099.510009765625,2095.889892578125
1287,2021-02-12,2090.25,2104.110107421875
1288,2021-02-16,2104.360107421875,2121.89990234375
1289,2021-02-17,2100.0,2128.31005859375
1290,2021-02-18,2110.389892578125,2117.199951171875
1291,2021-02-19,2119.27001953125,2101.139892578125
1292,2021-02-22,2067.0,2064.8798828125
1293,2021-02-23,2025.010009765625,2070.860107421875
1294,2021-02-24,2041.8299560546875,2095.169921875
1295,2021-02-25,2067.449951171875,2031.3599853515625
1296,2021-02-26,2050.52001953125,2036.8599853515625
1297,2021-03-01,2056.52001953125,2081.510009765625
1298,2021-03-02,2076.18994140625,2075.840087890625
1299,2021-03-03,2067.2099609375,2026.7099609375
1300,2021-03-04,2023.3699951171875,2049.090087890625
1301,2021-03-05,2073.1201171875,2108.5400390625
1302,2021-03-08,2101.1298828125,2024.1700439453125
1303,2021-03-09,2070.0,2052.699951171875
1304,2021-03-10,2071.760009765625,2055.030029296875
1305,2021-03-11,2074.06005859375,2114.77001953125
1306,2021-03-12,2085.0,2061.919921875
1307,2021-03-15,2062.300048828125,2066.489990234375
1308,2021-03-16,2078.989990234375,2092.52001953125
1309,2021-03-17,2076.030029296875,2091.080078125
1310,2021-03-18,2061.0,2036.219970703125
1311,2021-03-19,2042.050048828125,2043.199951171875
1312,2021-03-22,2041.8399658203125,2038.5899658203125
1313,2021-03-23,2051.699951171875,2052.9599609375
